"radius","treatment_var","overall_att","overall_se","conf_low","conf_high"
"300 km","btreat_300KM2",-0.0290022724026126,0.0401715050702405,-0.107738422340284,0.0497338775350587
"400 km","btreat_400KM2",-0.0915253162149919,0.0408426439861203,-0.171576898427788,-0.0114737340021961
"500 km","btreat_500KM2",-0.114528477109623,0.0384352866379844,-0.189861638920073,-0.0391953152991738
